<?xml version="1.0" encoding="UTF-8"?>
<project-private xmlns="http://www.netbeans.org/ns/project-private/1">
    <editor-bookmarks xmlns="http://www.netbeans.org/ns/editor-bookmarks/2" lastBookmarkId="0"/>
    <open-files xmlns="http://www.netbeans.org/ns/projectui-open-files/2">
        <group name="CSC 191">
            <file>file:/C:/Users/Evan/Documents/NetBeansProjects/PAEvanStrobel/src/application/PAEvanStrobelApplication.java</file>
            <file>file:/C:/Users/Evan/Documents/NetBeansProjects/PAEvanStrobel/src/model/Product.java</file>
            <file>file:/C:/Users/Evan/Documents/NetBeansProjects/PAEvanStrobel/src/controller/MainFormController.java</file>
            <file>file:/C:/Users/Evan/Documents/NetBeansProjects/PAEvanStrobel/src/model/Inventory.java</file>
            <file>file:/C:/Users/Evan/Documents/NetBeansProjects/PAEvanStrobel/src/model/Part.java</file>
            <file>file:/C:/Users/Evan/Documents/NetBeansProjects/PAEvanStrobel/src/controller/AddPartFormController.java</file>
            <file>file:/C:/Users/Evan/Documents/NetBeansProjects/PAEvanStrobel/src/controller/ModifyProductFormController.java</file>
            <file>file:/C:/Users/Evan/Documents/NetBeansProjects/PAEvanStrobel/src/controller/AddProductFormController.java</file>
            <file>file:/C:/Users/Evan/Documents/NetBeansProjects/PAEvanStrobel/src/view/ModifyProductForm.fxml</file>
            <file>file:/C:/Users/Evan/Documents/NetBeansProjects/PAEvanStrobel/src/model/Outsourced.java</file>
            <file>file:/C:/Users/Evan/Documents/NetBeansProjects/PAEvanStrobel/src/view/AddPartForm.fxml</file>
            <file>file:/C:/Users/Evan/Documents/NetBeansProjects/PAEvanStrobel/src/controller/ModifyPartFormController.java</file>
            <file>file:/C:/Users/Evan/Documents/NetBeansProjects/PAEvanStrobel/src/model/InHouse.java</file>
            <file>file:/C:/Users/Evan/Documents/NetBeansProjects/PAEvanStrobel/nbproject/build-impl.xml</file>
            <file>file:/C:/Users/Evan/Documents/NetBeansProjects/PAEvanStrobel/src/view/MainForm.fxml</file>
        </group>
    </open-files>
</project-private>
